,repo_id,pr_src_id,repo_name,pr_src_author_association,pr_src_state,pr_created_at,pr_closed_at,created_year,created_month,closed_year,closed_month,hours_to_close,days_to_close,hours_to_first_response,days_to_first_response,hours_to_last_response,days_to_last_response,first_response_time,last_response_time,average_time_between_responses,assigned_count,review_requested_count,labeled_count,subscribed_count,mentioned_count,referenced_count,closed_count,head_ref_force_pushed_count,merged_count,milestoned_count,unlabeled_count,head_ref_deleted_count,comment_count,average_days_between_responses,average_hours_between_responses,created_yearmonth,closed_yearmonth,merged_flag,percentile_rank_local
0,25663,240771476,spring-framework,CONTRIBUTOR,closed,2018-12-24 12:55:05,2019-02-27 14:15:45,2018,12,2019,2.0,1561.34444444444,65.0560185185185,50.8686111111111,2.11952546296296,2111.97805555556,87.9990856481482,2018-12-26 15:47:12,2019-03-22 12:53:46,2 days 23:04:21.862069000,58,0,145,232,232,174,29,0,29,29,58,0,29,2.0,48.0,2018-12-01 00:00:00,2019-02-01 00:00:00,Merged / Accepted,0.9303721488595438
1,25663,263835589,spring-framework,MEMBER,closed,2019-03-23 14:15:12,2019-05-02 09:59:11,2019,03,2019,5.0,955.733055555556,39.8222106481482,4.18972222222222,0.174571759259259,980.279722222222,40.8449884259259,2019-03-23 18:26:35,2019-05-03 10:31:59,2 days 13:00:20.250000000,16,0,48,48,48,64,16,16,16,32,16,16,16,2.0,48.0,2019-03-01 00:00:00,2019-05-01 00:00:00,Merged / Accepted,0.9183673469387755
12,25663,253635905,spring-framework,CONTRIBUTOR,closed,2019-02-16 10:59:57,2019-05-07 10:44:05,2019,02,2019,5.0,1919.73555555556,79.9889814814815,0.000277777777777778,1.15740740740741e-05,1919.51944444444,79.9799768518518,2019-02-16 10:59:58,2019-05-07 10:31:07,13 days 07:55:11.500000000,6,0,18,24,24,6,6,0,6,12,6,0,6,13.0,312.0,2019-02-01 00:00:00,2019-05-01 00:00:00,Merged / Accepted,0.9375750300120048
18,25663,244762643,spring-framework,CONTRIBUTOR,closed,2019-01-15 11:34:39,2019-02-05 14:39:47,2019,01,2019,2.0,507.085555555556,21.1285648148148,0.000277777777777778,1.15740740740741e-05,500.333333333333,20.8472222222222,2019-01-15 11:34:40,2019-02-05 07:54:39,4 days 04:03:59.800000000,5,0,5,25,25,10,5,10,5,5,0,0,5,4.0,96.0,2019-01-01 00:00:00,2019-02-01 00:00:00,Merged / Accepted,0.8739495798319328
33,25663,328534647,spring-framework,NONE,closed,2019-10-16 01:58:54,2019-11-13 16:48:27,2019,10,2019,11.0,686.825833333333,28.6177430555556,0.000833333333333333,3.47222222222222e-05,567.402777777778,23.6417824074074,2019-10-16 01:58:57,2019-11-08 17:23:04,5 days 21:51:01.750000000,4,0,12,16,16,4,4,0,4,4,4,0,4,5.0,120.0,2019-10-01 00:00:00,2019-11-01 00:00:00,Merged / Accepted,0.8943577430972389
35,25663,308295709,spring-framework,CONTRIBUTOR,closed,2019-08-17 14:31:17,2019-08-29 11:59:15,2019,08,2019,8.0,285.466111111111,11.8944212962963,0.000277777777777778,1.15740740740741e-05,285.560555555556,11.8983564814815,2019-08-17 14:31:18,2019-08-29 12:04:55,2 days 23:23:24.250000000,4,0,12,28,28,4,4,0,4,4,8,0,4,2.0,48.0,2019-08-01 00:00:00,2019-08-01 00:00:00,Merged / Accepted,0.8199279711884754
39,25663,243981349,spring-framework,CONTRIBUTOR,closed,2019-01-11 10:47:06,2019-04-02 13:09:14,2019,01,2019,4.0,1946.36888888889,81.0987037037037,11.5855555555556,0.482731481481481,460.211388888889,19.175474537037,2019-01-11 22:22:14,2019-01-30 14:59:47,6 days 05:32:31.000000000,3,0,6,3,3,6,3,0,3,9,0,3,3,6.0,144.0,2019-01-01 00:00:00,2019-04-01 00:00:00,Merged / Accepted,0.9387755102040817
52,25663,249610579,spring-framework,CONTRIBUTOR,closed,2019-02-01 13:54:02,2019-02-15 13:55:36,2019,02,2019,2.0,336.026111111111,14.001087962963,25.9672222222222,1.08196759259259,336.035555555556,14.0014814814815,2019-02-02 15:52:04,2019-02-15 13:56:10,4 days 07:21:22.000000000,3,0,9,6,6,3,3,3,3,3,6,3,3,4.0,96.0,2019-02-01 00:00:00,2019-02-01 00:00:00,Merged / Accepted,0.8343337334933973
53,25663,306901747,spring-framework,CONTRIBUTOR,closed,2019-08-13 13:15:43,2019-08-27 10:01:30,2019,08,2019,8.0,332.763055555556,13.8651273148148,289.978888888889,12.0824537037037,333.246944444444,13.8852893518519,2019-08-25 15:14:27,2019-08-27 10:30:32,0 days 14:25:21.666667000,3,0,9,3,3,6,3,6,3,3,3,0,3,0.0,0.0,2019-08-01 00:00:00,2019-08-01 00:00:00,Merged / Accepted,0.8331332533013205
55,25663,154686057,spring-framework,CONTRIBUTOR,closed,2017-11-26 16:26:34,2018-01-09 21:12:05,2017,11,2018,1.0,1060.75861111111,44.198275462963,0.000277777777777778,1.15740740740741e-05,1060.87388888889,44.2030787037037,2017-11-26 16:26:35,2018-01-09 21:19:00,14 days 17:37:28.333333000,0,0,0,9,9,3,3,0,3,0,0,3,3,14.0,336.0,2017-11-01 00:00:00,2018-01-01 00:00:00,Merged / Accepted,0.921968787515006
58,25663,261279374,spring-framework,MEMBER,closed,2019-03-14 17:59:47,2019-04-03 09:26:38,2019,03,2019,4.0,471.4475,19.6436458333333,0.0472222222222222,0.00196759259259259,281.476388888889,11.7281828703704,2019-03-14 18:02:37,2019-03-26 11:28:22,3 days 21:48:35.000000000,3,6,6,9,9,6,3,6,3,3,0,3,3,3.0,72.0,2019-03-01 00:00:00,2019-04-01 00:00:00,Merged / Accepted,0.8679471788715486
65,25663,250670349,spring-framework,CONTRIBUTOR,closed,2019-02-06 08:38:41,2019-03-23 15:15:08,2019,02,2019,3.0,1086.6075,45.2753125,0.000555555555555556,2.31481481481481e-05,1086.61027777778,45.2754282407407,2019-02-06 08:38:43,2019-03-23 15:15:18,15 days 02:12:11.666667000,3,0,6,6,6,3,3,0,3,3,3,0,3,15.0,360.0,2019-02-01 00:00:00,2019-03-01 00:00:00,Merged / Accepted,0.9231692677070829
68,25663,270282320,spring-framework,CONTRIBUTOR,closed,2019-04-14 09:01:51,2019-04-23 10:48:21,2019,04,2019,4.0,217.775,9.07395833333333,0.000277777777777778,1.15740740740741e-05,216.783333333333,9.03263888888889,2019-04-14 09:01:52,2019-04-23 09:48:51,3 days 00:15:39.666667000,3,3,9,6,6,3,3,0,3,3,3,0,3,3.0,72.0,2019-04-01 00:00:00,2019-04-01 00:00:00,Merged / Accepted,0.801920768307323
104,25663,327367072,spring-framework,CONTRIBUTOR,closed,2019-10-11 21:04:55,2019-11-11 14:43:30,2019,10,2019,11.0,737.643055555556,30.7351273148148,573.658055555556,23.9024189814815,740.268055555556,30.8445023148148,2019-11-04 18:44:24,2019-11-11 17:21:00,3 days 11:18:18.000000000,2,0,6,2,2,4,2,0,2,2,2,2,2,3.0,72.0,2019-10-01 00:00:00,2019-11-01 00:00:00,Merged / Accepted,0.8979591836734694
131,25663,246905018,spring-framework,CONTRIBUTOR,closed,2019-01-23 10:02:24,2019-02-04 22:31:22,2019,01,2019,2.0,300.482777777778,12.5201157407407,0.000277777777777778,1.15740740740741e-05,0.0741666666666667,0.00309027777777778,2019-01-23 10:02:25,2019-01-23 10:06:51,0 days 00:02:13.000000000,2,2,2,4,4,4,2,0,2,2,0,0,2,0.0,0.0,2019-01-01 00:00:00,2019-02-01 00:00:00,Merged / Accepted,0.8211284513805522
245,25663,244726804,spring-framework,CONTRIBUTOR,closed,2019-01-15 09:33:57,2019-01-24 16:53:23,2019,01,2019,1.0,223.323888888889,9.30516203703704,59.0652777777778,2.46105324074074,59.0652777777778,2.46105324074074,2019-01-17 20:37:52,2019-01-17 20:37:52,0 days 00:00:00.000000000,0,0,0,0,0,1,1,0,1,0,0,0,1,0.0,0.0,2019-01-01 00:00:00,2019-01-01 00:00:00,Merged / Accepted,0.8043217286914766
246,25663,313198427,spring-framework,MEMBER,closed,2019-09-02 10:01:43,2019-09-20 18:48:40,2019,09,2019,9.0,440.7825,18.3659375,387.3025,16.1376041666667,387.3025,16.1376041666667,2019-09-18 13:19:52,2019-09-18 13:19:52,0 days 00:00:00.000000000,1,0,3,3,3,2,1,0,1,1,1,1,1,0.0,0.0,2019-09-01 00:00:00,2019-09-01 00:00:00,Merged / Accepted,0.8595438175270108
254,25663,245838019,spring-framework,CONTRIBUTOR,closed,2019-01-18 13:01:40,2019-02-04 22:22:21,2019,01,2019,2.0,417.344722222222,17.3893634259259,408.410833333333,17.0171180555556,408.410833333333,17.0171180555556,2019-02-04 13:26:19,2019-02-04 13:26:19,0 days 00:00:00.000000000,1,0,3,0,0,1,1,0,1,2,2,1,1,0.0,0.0,2019-01-01 00:00:00,2019-02-01 00:00:00,Merged / Accepted,0.8535414165666266
272,25663,308027047,spring-framework,CONTRIBUTOR,closed,2019-08-16 10:38:29,2019-08-27 16:22:45,2019,08,2019,8.0,269.737777777778,11.2390740740741,269.740833333333,11.2392013888889,269.740833333333,11.2392013888889,2019-08-27 16:22:56,2019-08-27 16:22:56,0 days 00:00:00.000000000,1,0,2,0,0,1,1,0,1,1,1,1,1,0.0,0.0,2019-08-01 00:00:00,2019-08-01 00:00:00,Merged / Accepted,0.8127250900360145
1081,25663,129957279,spring-framework,NONE,closed,2017-07-11 16:57:14,2018-07-09 17:16:16,2017,07,2018,7.0,8712.31722222222,363.013217592593,0.000555555555555556,2.31481481481481e-05,8724.53333333333,363.522222222222,2017-07-11 16:57:16,2018-07-10 05:29:14,40 days 09:23:33.111111000,0,0,9,63,63,0,9,9,0,0,9,0,9,40.0,960.0,2017-07-01 00:00:00,2018-07-01 00:00:00,Not Merged / Rejected,0.9879951980792316
1084,25663,130790242,spring-framework,NONE,closed,2017-07-17 06:22:37,2017-09-26 14:43:39,2017,07,2017,9.0,1712.35055555556,71.3479398148148,0.000555555555555556,2.31481481481481e-05,1712.35055555556,71.3479398148148,2017-07-17 06:22:39,2017-09-26 14:43:39,23 days 18:47:00.000000000,0,0,0,12,12,0,3,0,0,0,0,0,3,23.0,552.0,2017-07-01 00:00:00,2017-09-01 00:00:00,Not Merged / Rejected,0.9351740696278511
1089,25663,131737949,spring-framework,NONE,closed,2017-07-21 09:53:50,2017-09-29 12:42:24,2017,07,2017,9.0,1682.80944444444,70.1170601851852,0.000277777777777778,1.15740740740741e-05,1682.81472222222,70.1172800925926,2017-07-21 09:53:51,2017-09-29 12:42:43,35 days 01:24:26.000000000,0,0,2,2,2,0,2,0,0,0,0,0,2,35.0,840.0,2017-07-01 00:00:00,2017-09-01 00:00:00,Not Merged / Rejected,0.9339735894357744
1090,25663,131892853,spring-framework,CONTRIBUTOR,closed,2017-07-22 09:05:59,2018-03-30 18:09:49,2017,07,2018,3.0,6033.06388888889,251.377662037037,6033.06388888889,251.377662037037,6033.06388888889,251.377662037037,2018-03-30 18:09:49,2018-03-30 18:09:49,0 days 00:00:00.000000000,2,0,0,0,0,0,1,0,0,0,0,0,1,0.0,0.0,2017-07-01 00:00:00,2018-03-01 00:00:00,Not Merged / Rejected,0.9795918367346939
1091,25663,132178229,spring-framework,CONTRIBUTOR,closed,2017-07-25 01:27:42,2017-08-15 13:11:45,2017,07,2017,8.0,515.734166666667,21.4889236111111,4.8625,0.202604166666667,515.734166666667,21.4889236111111,2017-07-25 06:19:27,2017-08-15 13:11:45,7 days 02:17:26.000000000,0,0,3,6,6,3,3,6,0,0,3,0,3,7.0,168.0,2017-07-01 00:00:00,2017-08-01 00:00:00,Not Merged / Rejected,0.8775510204081632
1097,25663,134054022,spring-framework,NONE,closed,2017-08-03 22:18:14,2017-08-17 07:46:42,2017,08,2017,8.0,321.474444444444,13.3947685185185,0.000277777777777778,1.15740740740741e-05,321.474444444444,13.3947685185185,2017-08-03 22:18:15,2017-08-17 07:46:42,3 days 08:22:06.750000000,0,0,4,12,12,0,4,0,0,0,0,0,4,3.0,72.0,2017-08-01 00:00:00,2017-08-01 00:00:00,Not Merged / Rejected,0.82953181272509
1098,25663,134277480,spring-framework,NONE,closed,2017-08-05 03:14:22,2017-11-03 05:26:52,2017,08,2017,11.0,2162.20833333333,90.0920138888889,0.000555555555555556,2.31481481481481e-05,1257.71638888889,52.404849537037,2017-08-05 03:14:24,2017-09-26 12:57:21,17 days 11:14:19.000000000,0,0,3,6,6,0,3,0,0,0,0,0,3,17.0,408.0,2017-08-01 00:00:00,2017-11-01 00:00:00,Not Merged / Rejected,0.9447779111644657
1101,25663,135927032,spring-framework,CONTRIBUTOR,closed,2017-08-16 02:03:43,2019-02-05 14:05:49,2017,08,2019,2.0,12924.035,538.501458333333,12924.035,538.501458333333,12924.035,538.501458333333,2019-02-05 14:05:49,2019-02-05 14:05:49,0 days 00:00:00.000000000,1,1,2,0,0,0,1,4,0,0,1,0,1,0.0,0.0,2017-08-01 00:00:00,2019-02-01 00:00:00,Not Merged / Rejected,0.9987995198079231
1106,25663,137164177,spring-framework,NONE,closed,2017-08-23 08:59:08,2018-01-12 14:37:35,2017,08,2018,1.0,3413.64083333333,142.235034722222,0.000555555555555556,2.31481481481481e-05,0.341944444444444,0.0142476851851852,2017-08-23 08:59:10,2017-08-23 09:19:39,0 days 00:05:07.250000000,0,0,4,12,12,0,4,0,0,0,4,0,4,0.0,0.0,2017-08-01 00:00:00,2018-01-01 00:00:00,Not Merged / Rejected,0.9675870348139256
1109,25663,137469009,spring-framework,NONE,closed,2017-08-24 14:32:05,2019-01-07 08:16:59,2017,08,2019,1.0,12017.7483333333,500.739513888889,0.000277777777777778,1.15740740740741e-05,12017.7483333333,500.739513888889,2017-08-24 14:32:06,2019-01-07 08:16:59,29 days 10:55:34.882353000,0,0,0,119,119,0,17,17,0,0,0,17,17,29.0,696.0,2017-08-01 00:00:00,2019-01-01 00:00:00,Not Merged / Rejected,0.9975990396158463
1111,25663,138528533,spring-framework,MEMBER,closed,2017-08-30 21:07:25,2017-09-09 11:20:30,2017,08,2017,9.0,230.218055555556,9.59241898148148,48.4786111111111,2.01994212962963,230.218055555556,9.59241898148148,2017-09-01 21:36:08,2017-09-09 11:20:30,3 days 18:52:11.000000000,0,0,0,2,2,0,2,12,0,0,0,0,2,3.0,72.0,2017-08-01 00:00:00,2017-09-01 00:00:00,Not Merged / Rejected,0.8067226890756303
1117,25663,139979355,spring-framework,CONTRIBUTOR,closed,2017-09-08 08:17:11,2017-09-28 13:04:16,2017,09,2017,9.0,484.784722222222,20.1993634259259,0.000277777777777778,1.15740740740741e-05,484.784722222222,20.1993634259259,2017-09-08 08:17:12,2017-09-28 13:04:16,6 days 17:35:41.333333000,0,0,0,6,6,0,3,0,0,0,0,0,3,6.0,144.0,2017-09-01 00:00:00,2017-09-01 00:00:00,Not Merged / Rejected,0.8703481392557023
1118,25663,140046091,spring-framework,MEMBER,closed,2017-09-08 14:07:43,2017-09-25 13:21:10,2017,09,2017,9.0,407.224166666667,16.9676736111111,407.224166666667,16.9676736111111,407.224166666667,16.9676736111111,2017-09-25 13:21:10,2017-09-25 13:21:10,0 days 00:00:00.000000000,1,0,0,1,1,4,1,0,0,0,0,0,1,0.0,0.0,2017-09-01 00:00:00,2017-09-01 00:00:00,Not Merged / Rejected,0.8523409363745498
1143,25663,145845922,spring-framework,NONE,closed,2017-10-11 02:58:19,2018-07-18 17:23:31,2017,10,2018,7.0,6734.42,280.600833333333,0.000277777777777778,1.15740740740741e-05,6734.80805555556,280.617002314815,2017-10-11 02:58:20,2018-07-18 17:46:48,20 days 01:03:27.714286000,0,0,0,140,140,0,14,14,0,0,0,0,14,20.0,480.0,2017-10-01 00:00:00,2018-07-01 00:00:00,Not Merged / Rejected,0.9831932773109243
1155,25663,147745574,spring-framework,CONTRIBUTOR,closed,2017-10-20 08:35:00,2018-02-09 09:19:04,2017,10,2018,2.0,2688.73444444444,112.030601851852,0.000555555555555556,2.31481481481481e-05,0.0119444444444444,0.000497685185185185,2017-10-20 08:35:02,2017-10-20 08:35:43,0 days 00:00:20.500000000,0,0,0,4,4,2,2,0,0,0,0,2,2,0.0,0.0,2017-10-01 00:00:00,2018-02-01 00:00:00,Not Merged / Rejected,0.9555822328931572
1161,25663,148930744,spring-framework,CONTRIBUTOR,closed,2017-10-26 13:13:32,2017-11-13 14:54:56,2017,10,2017,11.0,433.69,18.0704166666667,433.69,18.0704166666667,433.69,18.0704166666667,2017-11-13 14:54:56,2017-11-13 14:54:56,0 days 00:00:00.000000000,1,0,0,0,0,0,1,0,0,0,0,0,1,0.0,0.0,2017-10-01 00:00:00,2017-11-01 00:00:00,Not Merged / Rejected,0.8571428571428571
1168,25663,151211406,spring-framework,CONTRIBUTOR,closed,2017-11-07 19:54:57,2018-12-17 22:30:36,2017,11,2018,12.0,9722.59416666667,405.108090277778,9722.59416666667,405.108090277778,9722.59416666667,405.108090277778,2018-12-17 22:30:36,2018-12-17 22:30:36,0 days 00:00:00.000000000,0,0,0,0,0,0,1,0,0,0,0,0,1,0.0,0.0,2017-11-01 00:00:00,2018-12-01 00:00:00,Not Merged / Rejected,0.9915966386554622
1176,25663,153208044,spring-framework,CONTRIBUTOR,closed,2017-11-17 03:35:37,2019-07-31 07:45:41,2017,11,2019,7.0,14908.1677777778,621.173657407407,4.22416666666667,0.176006944444444,14908.1677777778,621.173657407407,2017-11-17 07:49:04,2019-07-31 07:45:41,206 days 23:58:52.333333000,0,0,9,0,0,0,3,0,0,0,6,0,3,206.0,4944.0,2017-11-01 00:00:00,2019-07-01 00:00:00,Not Merged / Rejected,1.0
1178,25663,153482666,spring-framework,CONTRIBUTOR,closed,2017-11-19 06:00:20,2018-03-30 14:09:10,2017,11,2018,3.0,3152.14722222222,131.339467592593,3152.14722222222,131.339467592593,3152.14722222222,131.339467592593,2018-03-30 14:09:10,2018-03-30 14:09:10,0 days 00:00:00.000000000,0,0,0,0,0,0,1,1,0,0,0,0,1,0.0,0.0,2017-11-01 00:00:00,2018-03-01 00:00:00,Not Merged / Rejected,0.963985594237695
1181,25663,154009442,spring-framework,NONE,closed,2017-11-21 21:47:17,2017-12-14 16:00:47,2017,11,2017,12.0,546.225,22.759375,0.666111111111111,0.0277546296296296,564.496111111111,23.5206712962963,2017-11-21 22:27:15,2017-12-15 10:17:03,5 days 20:57:27.000000000,0,0,0,4,4,0,4,0,0,0,0,0,4,5.0,120.0,2017-11-01 00:00:00,2017-12-01 00:00:00,Not Merged / Rejected,0.879951980792317
1184,25663,154933147,spring-framework,CONTRIBUTOR,closed,2017-11-27 22:28:57,2018-02-04 10:41:51,2017,11,2018,2.0,1644.215,68.5089583333333,1644.28055555556,68.5116898148148,1644.28055555556,68.5116898148148,2018-02-04 10:45:47,2018-02-04 10:45:47,0 days 00:00:00.000000000,1,0,0,0,0,1,1,0,0,0,0,1,1,0.0,0.0,2017-11-01 00:00:00,2018-02-01 00:00:00,Not Merged / Rejected,0.9327731092436975
1186,25663,155395245,spring-framework,NONE,closed,2017-11-29 16:53:15,2017-12-18 14:53:29,2017,11,2017,12.0,454.003888888889,18.9168287037037,0.000277777777777778,1.15740740740741e-05,456.813611111111,19.033900462963,2017-11-29 16:53:16,2017-12-18 17:42:04,2 days 09:06:06.000000000,0,0,8,32,32,0,8,0,0,0,0,0,8,2.0,48.0,2017-11-01 00:00:00,2017-12-01 00:00:00,Not Merged / Rejected,0.8619447779111644
1187,25663,155477121,spring-framework,CONTRIBUTOR,closed,2017-11-29 23:05:40,2018-01-09 21:52:58,2017,11,2018,1.0,982.788333333333,40.9495138888889,982.788333333333,40.9495138888889,982.788333333333,40.9495138888889,2018-01-09 21:52:58,2018-01-09 21:52:58,0 days 00:00:00.000000000,1,0,0,1,1,1,1,0,0,0,0,0,1,0.0,0.0,2017-11-01 00:00:00,2018-01-01 00:00:00,Not Merged / Rejected,0.9195678271308524
1188,25663,155783208,spring-framework,NONE,closed,2017-12-01 04:58:50,2018-02-07 13:36:43,2017,12,2018,2.0,1640.63138888889,68.3596412037037,0.000277777777777778,1.15740740740741e-05,1653.16666666667,68.8819444444444,2017-12-01 04:58:51,2018-02-08 02:08:50,17 days 05:17:29.750000000,0,0,0,12,12,0,4,0,0,0,0,0,4,17.0,408.0,2017-12-01 00:00:00,2018-02-01 00:00:00,Not Merged / Rejected,0.9315726290516206
1192,25663,156960410,spring-framework,NONE,closed,2017-12-07 10:48:23,2018-03-30 13:45:01,2017,12,2018,3.0,2714.94388888889,113.122662037037,0.000277777777777778,1.15740740740741e-05,2714.94388888889,113.122662037037,2017-12-07 10:48:24,2018-03-30 13:45:01,37 days 16:58:52.333333000,0,0,0,6,6,0,3,0,0,0,0,0,3,37.0,888.0,2017-12-01 00:00:00,2018-03-01 00:00:00,Not Merged / Rejected,0.9567827130852341
1195,25663,157759854,spring-framework,NONE,closed,2017-12-12 08:00:28,2017-12-22 17:27:15,2017,12,2017,12.0,249.446388888889,10.393599537037,0.0891666666666667,0.00371527777777778,249.446388888889,10.393599537037,2017-12-12 08:05:49,2017-12-22 17:27:15,2 days 14:20:21.500000000,0,0,8,12,12,0,4,0,0,0,4,0,4,2.0,48.0,2017-12-01 00:00:00,2017-12-01 00:00:00,Not Merged / Rejected,0.8103241296518607
1197,25663,157942059,spring-framework,MEMBER,closed,2017-12-12 21:21:10,2018-01-14 22:47:58,2017,12,2018,1.0,793.446666666667,33.0602777777778,793.446666666667,33.0602777777778,793.446666666667,33.0602777777778,2018-01-14 22:47:58,2018-01-14 22:47:58,0 days 00:00:00.000000000,0,0,0,0,0,1,1,1,0,0,0,0,1,0.0,0.0,2017-12-01 00:00:00,2018-01-01 00:00:00,Not Merged / Rejected,0.9039615846338536
1199,25663,159656251,spring-framework,NONE,closed,2017-12-21 13:22:44,2018-01-17 18:07:50,2017,12,2018,1.0,652.751666666667,27.1979861111111,0.0,0.0,652.751666666667,27.1979861111111,2017-12-21 13:22:44,2018-01-17 18:07:50,9 days 01:35:02.000000000,6,0,0,6,6,0,3,9,0,0,0,0,3,9.0,216.0,2017-12-01 00:00:00,2018-01-01 00:00:00,Not Merged / Rejected,0.8895558223289316
1203,25663,159983446,spring-framework,CONTRIBUTOR,closed,2017-12-23 23:49:44,2018-01-11 20:58:50,2017,12,2018,1.0,453.151666666667,18.8813194444444,453.151666666667,18.8813194444444,453.151666666667,18.8813194444444,2018-01-11 20:58:50,2018-01-11 20:58:50,0 days 00:00:00.000000000,1,0,0,0,0,0,1,0,0,0,0,0,1,0.0,0.0,2017-12-01 00:00:00,2018-01-01 00:00:00,Not Merged / Rejected,0.8607442977190877
1204,25663,159984864,spring-framework,CONTRIBUTOR,closed,2017-12-24 01:04:39,2018-01-08 22:37:46,2017,12,2018,1.0,381.551944444444,15.8979976851852,0.000277777777777778,1.15740740740741e-05,381.551944444444,15.8979976851852,2017-12-24 01:04:40,2018-01-08 22:37:46,3 days 04:18:37.200000000,0,0,5,20,20,5,5,0,0,0,5,0,5,3.0,72.0,2017-12-01 00:00:00,2018-01-01 00:00:00,Not Merged / Rejected,0.8475390156062425
1205,25663,160082903,spring-framework,NONE,closed,2017-12-26 04:39:10,2018-11-19 21:58:06,2017,12,2018,11.0,7889.31555555556,328.721481481481,3.82111111111111,0.159212962962963,21.6122222222222,0.900509259259259,2017-12-26 08:28:26,2017-12-27 02:15:54,0 days 08:53:44.000000000,0,0,2,4,4,0,2,2,0,0,2,0,2,0.0,0.0,2017-12-01 00:00:00,2018-11-01 00:00:00,Not Merged / Rejected,0.985594237695078
1206,25663,160150857,spring-framework,CONTRIBUTOR,closed,2017-12-26 17:24:35,2018-01-15 14:19:59,2017,12,2018,1.0,476.923333333333,19.8718055555556,3.57472222222222,0.148946759259259,476.9825,19.8742708333333,2017-12-26 20:59:04,2018-01-15 14:23:32,9 days 20:42:14.000000000,2,0,2,2,2,2,2,0,0,0,0,2,2,9.0,216.0,2017-12-01 00:00:00,2018-01-01 00:00:00,Not Merged / Rejected,0.8691476590636255
1210,25663,162535436,spring-framework,CONTRIBUTOR,closed,2018-01-12 02:32:05,2018-01-23 16:14:28,2018,01,2018,1.0,277.706388888889,11.571099537037,277.706388888889,11.571099537037,277.706388888889,11.571099537037,2018-01-23 16:14:28,2018-01-23 16:14:28,0 days 00:00:00.000000000,1,0,1,0,0,0,1,0,0,0,0,1,1,0.0,0.0,2018-01-01 00:00:00,2018-01-01 00:00:00,Not Merged / Rejected,0.8175270108043218
1215,25663,165035457,spring-framework,CONTRIBUTOR,closed,2018-01-25 05:56:04,2018-07-21 03:05:35,2018,01,2018,7.0,4245.15861111111,176.881608796296,10.5916666666667,0.441319444444444,4245.15861111111,176.881608796296,2018-01-25 16:31:34,2018-07-21 03:05:35,44 days 02:38:30.250000000,0,0,4,8,8,0,4,0,0,0,4,4,4,44.0,1056.0,2018-01-01 00:00:00,2018-07-01 00:00:00,Not Merged / Rejected,0.9735894357743097
1216,25663,165307650,spring-framework,NONE,closed,2018-01-26 08:01:00,2018-07-18 16:44:08,2018,01,2018,7.0,4160.71888888889,173.363287037037,0.000277777777777778,1.15740740740741e-05,4160.71888888889,173.363287037037,2018-01-26 08:01:01,2018-07-18 16:44:08,28 days 21:27:11.166667000,6,0,0,30,30,0,6,0,0,0,0,0,6,28.0,672.0,2018-01-01 00:00:00,2018-07-01 00:00:00,Not Merged / Rejected,0.9723889555822329
1217,25663,165331761,spring-framework,NONE,closed,2018-01-26 10:26:09,2018-02-09 16:39:02,2018,01,2018,2.0,342.214722222222,14.2589467592593,338.910277777778,14.1212615740741,342.214722222222,14.2589467592593,2018-02-09 13:20:46,2018-02-09 16:39:02,0 days 01:39:08.000000000,0,0,0,2,2,0,2,0,0,0,0,0,2,0.0,0.0,2018-01-01 00:00:00,2018-02-01 00:00:00,Not Merged / Rejected,0.8367346938775511
1220,25663,166518427,spring-framework,NONE,closed,2018-02-01 12:02:23,2018-03-01 04:26:22,2018,02,2018,3.0,664.399722222222,27.6833217592593,0.000277777777777778,1.15740740740741e-05,0.0288888888888889,0.0012037037037037,2018-02-01 12:02:24,2018-02-01 12:04:07,0 days 00:00:51.500000000,0,0,0,4,4,0,2,0,0,0,0,0,2,0.0,0.0,2018-02-01 00:00:00,2018-03-01 00:00:00,Not Merged / Rejected,0.8907563025210085
1222,25663,166659765,spring-framework,NONE,closed,2018-02-01 21:42:46,2019-03-08 15:16:13,2018,02,2019,3.0,9593.5575,399.7315625,10.9413888888889,0.455891203703704,9593.5575,399.7315625,2018-02-02 08:39:15,2019-03-08 15:16:13,99 days 19:39:14.500000000,0,0,12,16,16,0,4,0,0,0,8,0,4,99.0,2376.0,2018-02-01 00:00:00,2019-03-01 00:00:00,Not Merged / Rejected,0.9903961584633854
1227,25663,167873463,spring-framework,CONTRIBUTOR,closed,2018-02-08 04:12:15,2018-05-15 08:56:42,2018,02,2018,5.0,2308.74083333333,96.1975347222222,2297.92805555556,95.7470023148148,2308.74083333333,96.1975347222222,2018-05-14 22:07:56,2018-05-15 08:56:42,0 days 03:36:15.333333000,3,0,0,3,3,0,3,0,0,0,0,0,3,0.0,0.0,2018-02-01 00:00:00,2018-05-01 00:00:00,Not Merged / Rejected,0.9519807923169268
1232,25663,169292673,spring-framework,NONE,closed,2018-02-15 06:15:52,2018-07-10 09:19:50,2018,02,2018,7.0,3483.06611111111,145.12775462963,3483.06611111111,145.12775462963,3483.06611111111,145.12775462963,2018-07-10 09:19:50,2018-07-10 09:19:50,0 days 00:00:00.000000000,0,0,1,0,0,0,1,3,0,0,0,0,1,0.0,0.0,2018-02-01 00:00:00,2018-07-01 00:00:00,Not Merged / Rejected,0.9711884753901561
1233,25663,169374875,spring-framework,NONE,closed,2018-02-15 13:44:53,2018-06-13 19:42:47,2018,02,2018,6.0,2837.965,118.248541666667,0.000277777777777778,1.15740740740741e-05,2837.965,118.248541666667,2018-02-15 13:44:54,2018-06-13 19:42:47,39 days 09:59:17.666667000,3,0,0,6,6,0,3,0,0,0,0,0,3,39.0,936.0,2018-02-01 00:00:00,2018-06-01 00:00:00,Not Merged / Rejected,0.9603841536614646
1234,25663,169483581,spring-framework,NONE,closed,2018-02-15 20:59:25,2018-06-13 19:41:19,2018,02,2018,6.0,2830.69833333333,117.945763888889,2830.69833333333,117.945763888889,2830.69833333333,117.945763888889,2018-06-13 19:41:19,2018-06-13 19:41:19,0 days 00:00:00.000000000,0,0,0,0,0,0,1,0,0,0,0,0,1,0.0,0.0,2018-02-01 00:00:00,2018-06-01 00:00:00,Not Merged / Rejected,0.9591836734693877
1237,25663,169927976,spring-framework,CONTRIBUTOR,closed,2018-02-19 10:45:43,2019-03-06 09:59:49,2018,02,2019,3.0,9119.235,379.968125,2090.92555555556,87.1218981481481,9119.235,379.968125,2018-05-17 13:41:15,2019-03-06 09:59:49,146 days 10:09:17.000000000,2,0,2,8,8,0,2,6,0,0,0,0,2,146.0,3504.0,2018-02-01 00:00:00,2019-03-01 00:00:00,Not Merged / Rejected,0.9891956782713085
1238,25663,170118520,spring-framework,NONE,closed,2018-02-20 07:32:53,2018-07-14 09:26:28,2018,02,2018,7.0,3457.89305555556,144.078877314815,0.000277777777777778,1.15740740740741e-05,3457.89305555556,144.078877314815,2018-02-20 07:32:54,2018-07-14 09:26:28,36 days 00:28:23.500000000,0,0,0,16,16,0,4,0,0,0,0,0,4,36.0,864.0,2018-02-01 00:00:00,2018-07-01 00:00:00,Not Merged / Rejected,0.9687875150060024
1241,25663,170902163,spring-framework,NONE,closed,2018-02-23 00:14:22,2018-04-11 17:28:52,2018,02,2018,4.0,1145.24166666667,47.7184027777778,129.183333333333,5.38263888888889,705.843055555556,29.4101273148148,2018-02-28 09:25:22,2018-03-24 10:04:57,6 days 00:09:53.750000000,0,0,0,4,4,0,4,0,0,0,0,0,4,6.0,144.0,2018-02-01 00:00:00,2018-04-01 00:00:00,Not Merged / Rejected,0.9243697478991597
1242,25663,171039365,spring-framework,NONE,closed,2018-02-23 15:15:46,2018-05-23 14:53:36,2018,02,2018,5.0,2135.63055555556,88.9846064814815,1.49805555555556,0.0624189814814815,1.49805555555556,0.0624189814814815,2018-02-23 16:45:39,2018-02-23 16:45:39,0 days 00:00:00.000000000,1,0,0,0,0,0,1,0,0,0,0,0,1,0.0,0.0,2018-02-01 00:00:00,2018-05-01 00:00:00,Not Merged / Rejected,0.943577430972389
1257,25663,173948392,spring-framework,CONTRIBUTOR,closed,2018-03-09 08:43:51,2018-03-24 20:42:42,2018,03,2018,3.0,371.980833333333,15.4992013888889,358.056111111111,14.9190046296296,383.164444444444,15.9651851851852,2018-03-24 06:47:13,2018-03-25 07:53:43,0 days 08:22:10.000000000,0,0,0,6,6,0,3,0,0,0,0,0,3,0.0,0.0,2018-03-01 00:00:00,2018-03-01 00:00:00,Not Merged / Rejected,0.843937575030012
1258,25663,174042446,spring-framework,CONTRIBUTOR,closed,2018-03-09 16:04:05,2018-11-05 15:34:34,2018,03,2018,11.0,5783.50805555556,240.979502314815,5783.50805555556,240.979502314815,5783.50805555556,240.979502314815,2018-11-05 15:34:34,2018-11-05 15:34:34,0 days 00:00:00.000000000,0,0,1,0,0,0,1,0,0,0,0,0,1,0.0,0.0,2018-03-01 00:00:00,2018-11-01 00:00:00,Not Merged / Rejected,0.978391356542617
1259,25663,174168892,spring-framework,CONTRIBUTOR,closed,2018-03-10 12:47:49,2018-06-11 08:48:12,2018,03,2018,6.0,2228.00638888889,92.833599537037,2228.00638888889,92.833599537037,2228.00638888889,92.833599537037,2018-06-11 08:48:12,2018-06-11 08:48:12,0 days 00:00:00.000000000,0,0,0,0,0,0,1,0,0,0,0,0,1,0.0,0.0,2018-03-01 00:00:00,2018-06-01 00:00:00,Not Merged / Rejected,0.9471788715486195
1262,25663,175567426,spring-framework,NONE,closed,2018-03-16 15:31:31,2018-03-28 09:23:31,2018,03,2018,3.0,281.866666666667,11.7444444444444,0.000277777777777778,1.15740740740741e-05,281.866666666667,11.7444444444444,2018-03-16 15:31:32,2018-03-28 09:23:31,3 days 21:57:19.666667000,0,0,0,6,6,0,3,0,0,0,0,0,3,3.0,72.0,2018-03-01 00:00:00,2018-03-01 00:00:00,Not Merged / Rejected,0.8187274909963985
1290,25663,180587482,spring-framework,CONTRIBUTOR,closed,2018-04-10 12:36:35,2018-07-18 12:56:57,2018,04,2018,7.0,2376.33944444444,99.0141435185185,47.7694444444444,1.99039351851852,2376.33944444444,99.0141435185185,2018-04-12 12:22:45,2018-07-18 12:56:57,24 days 06:08:33.000000000,4,12,0,8,8,0,4,36,0,0,0,0,4,24.0,576.0,2018-04-01 00:00:00,2018-07-01 00:00:00,Not Merged / Rejected,0.9531812725090036
1297,25663,182252892,spring-framework,NONE,closed,2018-04-17 18:19:24,2018-05-03 13:37:42,2018,04,2018,5.0,379.305,15.804375,193.0525,8.04385416666667,379.305,15.804375,2018-04-25 19:22:33,2018-05-03 13:37:42,1 days 13:15:01.800000000,0,5,5,10,10,0,5,0,0,0,0,0,5,1.0,24.0,2018-04-01 00:00:00,2018-05-01 00:00:00,Not Merged / Rejected,0.8463385354141657
1299,25663,182275814,spring-framework,CONTRIBUTOR,closed,2018-04-17 19:51:48,2018-07-21 02:32:23,2018,04,2018,7.0,2262.67638888889,94.2781828703704,2262.67638888889,94.2781828703704,2262.67638888889,94.2781828703704,2018-07-21 02:32:23,2018-07-21 02:32:23,0 days 00:00:00.000000000,0,0,0,0,0,0,1,0,0,0,0,0,1,0.0,0.0,2018-04-01 00:00:00,2018-07-01 00:00:00,Not Merged / Rejected,0.9495798319327731
1302,25663,182559983,spring-framework,CONTRIBUTOR,closed,2018-04-18 18:09:21,2018-07-21 02:31:07,2018,04,2018,7.0,2240.36277777778,93.3484490740741,2240.36277777778,93.3484490740741,2240.36277777778,93.3484490740741,2018-07-21 02:31:07,2018-07-21 02:31:07,0 days 00:00:00.000000000,0,0,0,0,0,0,1,0,0,0,0,0,1,0.0,0.0,2018-04-01 00:00:00,2018-07-01 00:00:00,Not Merged / Rejected,0.9483793517406963
1303,25663,182597594,spring-framework,CONTRIBUTOR,closed,2018-04-18 20:44:04,2018-05-28 14:54:39,2018,04,2018,5.0,954.176388888889,39.757349537037,954.176388888889,39.757349537037,954.176388888889,39.757349537037,2018-05-28 14:54:39,2018-05-28 14:54:39,0 days 00:00:00.000000000,0,0,2,0,0,0,1,0,0,0,1,0,1,0.0,0.0,2018-04-01 00:00:00,2018-05-01 00:00:00,Not Merged / Rejected,0.9171668667466987
1305,25663,182943854,spring-framework,NONE,closed,2018-04-20 02:19:03,2018-05-02 14:57:47,2018,04,2018,5.0,300.645555555556,12.5268981481481,0.000555555555555556,2.31481481481481e-05,2.25277777777778,0.0938657407407407,2018-04-20 02:19:05,2018-04-20 04:34:13,0 days 01:07:34.000000000,0,0,0,4,4,0,2,0,0,0,0,0,2,0.0,0.0,2018-04-01 00:00:00,2018-05-01 00:00:00,Not Merged / Rejected,0.8223289315726291
1306,25663,182993994,spring-framework,NONE,closed,2018-04-20 08:34:29,2018-05-09 07:33:22,2018,04,2018,5.0,454.981388888889,18.9575578703704,0.000277777777777778,1.15740740740741e-05,291.648333333333,12.1520138888889,2018-04-20 08:34:30,2018-05-02 12:13:23,3 days 00:54:43.250000000,4,0,0,12,12,0,4,0,0,0,0,0,4,3.0,72.0,2018-04-01 00:00:00,2018-05-01 00:00:00,Not Merged / Rejected,0.8631452581032413
1326,25663,187433999,spring-framework,CONTRIBUTOR,closed,2018-05-11 11:06:55,2018-06-13 19:38:30,2018,05,2018,6.0,800.526388888889,33.3552662037037,1.38361111111111,0.057650462962963,800.526388888889,33.3552662037037,2018-05-11 12:29:56,2018-06-13 19:38:30,16 days 15:34:17.000000000,0,2,2,2,2,0,2,0,0,0,2,2,2,16.0,384.0,2018-05-01 00:00:00,2018-06-01 00:00:00,Not Merged / Rejected,0.9051620648259304
1328,25663,187691581,spring-framework,NONE,closed,2018-05-13 21:37:21,2018-07-12 19:43:27,2018,05,2018,7.0,1438.10166666667,59.9209027777778,1438.10166666667,59.9209027777778,1438.10166666667,59.9209027777778,2018-07-12 19:43:27,2018-07-12 19:43:27,0 days 00:00:00.000000000,1,0,0,0,0,0,1,0,0,0,0,0,1,0.0,0.0,2018-05-01 00:00:00,2018-07-01 00:00:00,Not Merged / Rejected,0.9279711884753902
1330,25663,188839268,spring-framework,CONTRIBUTOR,closed,2018-05-17 19:34:15,2018-06-01 19:11:46,2018,05,2018,6.0,359.625277777778,14.9843865740741,20.4413888888889,0.851724537037037,359.625277777778,14.9843865740741,2018-05-18 16:00:44,2018-06-01 19:11:46,7 days 01:35:31.000000000,2,0,0,0,0,0,2,2,0,0,0,2,2,7.0,168.0,2018-05-01 00:00:00,2018-06-01 00:00:00,Not Merged / Rejected,0.8415366146458584
1331,25663,188971945,spring-framework,CONTRIBUTOR,closed,2018-05-18 09:37:24,2018-06-15 20:14:08,2018,05,2018,6.0,682.612222222222,28.4421759259259,682.612222222222,28.4421759259259,682.612222222222,28.4421759259259,2018-06-15 20:14:08,2018-06-15 20:14:08,0 days 00:00:00.000000000,0,0,0,0,0,0,1,2,0,0,0,0,1,0.0,0.0,2018-05-01 00:00:00,2018-06-01 00:00:00,Not Merged / Rejected,0.8931572629051621
1332,25663,189285525,spring-framework,NONE,closed,2018-05-21 05:25:07,2018-06-13 21:27:29,2018,05,2018,6.0,568.039444444444,23.6683101851852,8.98472222222222,0.374363425925926,568.039444444444,23.6683101851852,2018-05-21 14:24:12,2018-06-13 21:27:29,3 days 21:10:32.833333000,6,0,0,6,6,0,6,0,0,0,0,0,6,3.0,72.0,2018-05-01 00:00:00,2018-06-01 00:00:00,Not Merged / Rejected,0.8823529411764706
1334,25663,190590559,spring-framework,CONTRIBUTOR,closed,2018-05-25 13:35:11,2019-07-21 14:26:40,2018,05,2019,7.0,10128.8580555556,422.035752314815,1680.19527777778,70.0081365740741,10129.0875,422.0453125,2018-08-03 13:46:54,2019-07-21 14:40:26,27 days 01:54:53.230769000,13,0,39,117,117,130,13,0,0,52,13,0,13,27.0,648.0,2018-05-01 00:00:00,2019-07-01 00:00:00,Not Merged / Rejected,0.992797118847539
1338,25663,190814566,spring-framework,CONTRIBUTOR,closed,2018-05-28 00:29:26,2018-07-18 16:49:02,2018,05,2018,7.0,1240.32666666667,51.6802777777778,37.6994444444444,1.57081018518519,1240.32666666667,51.6802777777778,2018-05-29 14:11:24,2018-07-18 16:49:02,10 days 00:31:31.600000000,10,10,0,5,5,0,5,5,0,0,0,0,5,10.0,240.0,2018-05-01 00:00:00,2018-07-01 00:00:00,Not Merged / Rejected,0.9267707082833133
1343,25663,192103418,spring-framework,NONE,closed,2018-06-01 18:00:22,2018-06-11 16:48:53,2018,06,2018,6.0,238.808611111111,9.9503587962963,0.000277777777777778,1.15740740740741e-05,238.808333333333,9.95034722222222,2018-06-01 18:00:23,2018-06-11 16:48:52,3 days 07:36:09.666667000,0,0,0,6,6,0,3,0,0,0,0,0,3,3.0,72.0,2018-06-01 00:00:00,2018-06-01 00:00:00,Not Merged / Rejected,0.8091236494597839
1344,25663,192243312,spring-framework,CONTRIBUTOR,closed,2018-06-03 11:44:45,2018-07-05 22:00:47,2018,06,2018,7.0,778.267222222222,32.4278009259259,778.267222222222,32.4278009259259,778.267222222222,32.4278009259259,2018-07-05 22:00:47,2018-07-05 22:00:47,0 days 00:00:00.000000000,0,0,0,0,0,0,1,0,0,0,0,0,1,0.0,0.0,2018-06-01 00:00:00,2018-07-01 00:00:00,Not Merged / Rejected,0.9027611044417767
1354,25663,195758434,spring-framework,NONE,closed,2018-06-19 09:08:35,2018-07-05 22:06:27,2018,06,2018,7.0,396.964444444444,16.5401851851852,0.000277777777777778,1.15740740740741e-05,396.964444444444,16.5401851851852,2018-06-19 09:08:36,2018-07-05 22:06:27,5 days 12:19:17.000000000,0,0,0,6,6,0,3,9,0,0,0,0,3,5.0,120.0,2018-06-01 00:00:00,2018-07-01 00:00:00,Not Merged / Rejected,0.8499399759903962
1358,25663,197308100,spring-framework,NONE,closed,2018-06-26 05:44:35,2018-07-09 11:59:39,2018,06,2018,7.0,318.251111111111,13.260462962963,0.000555555555555556,2.31481481481481e-05,318.251111111111,13.260462962963,2018-06-26 05:44:37,2018-07-09 11:59:39,4 days 10:05:00.666667000,0,0,0,6,6,0,3,0,0,0,0,0,3,4.0,96.0,2018-06-01 00:00:00,2018-07-01 00:00:00,Not Merged / Rejected,0.8271308523409364
1361,25663,199808179,spring-framework,NONE,closed,2018-07-06 17:38:48,2018-08-06 14:47:15,2018,07,2018,8.0,741.140833333333,30.8808680555556,741.140833333333,30.8808680555556,741.140833333333,30.8808680555556,2018-08-06 14:47:15,2018-08-06 14:47:15,0 days 00:00:00.000000000,0,0,0,0,0,0,1,0,0,0,0,0,1,0.0,0.0,2018-07-01 00:00:00,2018-08-01 00:00:00,Not Merged / Rejected,0.8991596638655462
1370,25663,200732079,spring-framework,NONE,closed,2018-07-11 15:03:40,2018-07-22 18:11:52,2018,07,2018,7.0,267.136666666667,11.1306944444444,0.000555555555555556,2.31481481481481e-05,285.415555555556,11.8923148148148,2018-07-11 15:03:42,2018-07-23 12:28:36,2 days 23:21:13.500000000,0,0,0,8,8,0,4,0,0,0,0,0,4,2.0,48.0,2018-07-01 00:00:00,2018-07-01 00:00:00,Not Merged / Rejected,0.8115246098439376
1395,25663,206518236,spring-framework,NONE,closed,2018-08-06 21:12:27,2018-08-16 13:40:50,2018,08,2018,8.0,232.473055555556,9.68637731481481,0.200833333333333,0.00836805555555556,232.473055555556,9.68637731481481,2018-08-06 21:24:30,2018-08-16 13:40:50,3 days 05:25:26.666667000,0,0,0,6,6,0,3,0,0,0,0,0,3,3.0,72.0,2018-08-01 00:00:00,2018-08-01 00:00:00,Not Merged / Rejected,0.8079231692677071
1400,25663,209196738,spring-framework,CONTRIBUTOR,closed,2018-08-17 16:23:43,2018-09-05 21:30:55,2018,08,2018,9.0,461.12,19.2133333333333,461.12,19.2133333333333,461.12,19.2133333333333,2018-09-05 21:30:55,2018-09-05 21:30:55,0 days 00:00:00.000000000,0,1,0,0,0,0,1,0,0,0,0,0,1,0.0,0.0,2018-08-01 00:00:00,2018-09-01 00:00:00,Not Merged / Rejected,0.865546218487395
1401,25663,209312795,spring-framework,NONE,closed,2018-08-18 13:45:55,2019-01-07 08:18:26,2018,08,2019,1.0,3402.54194444444,141.772581018519,23.5419444444444,0.980914351851852,3402.54194444444,141.772581018519,2018-08-19 13:18:26,2019-01-07 08:18:26,28 days 03:48:00.000000000,0,5,0,10,10,0,5,0,0,0,0,0,5,28.0,672.0,2018-08-01 00:00:00,2019-01-01 00:00:00,Not Merged / Rejected,0.9663865546218487
1408,25663,210651379,spring-framework,CONTRIBUTOR,closed,2018-08-24 06:36:37,2018-09-04 12:53:37,2018,08,2018,9.0,270.283333333333,11.2618055555556,0.246111111111111,0.0102546296296296,270.283333333333,11.2618055555556,2018-08-24 06:51:23,2018-09-04 12:53:37,2 days 06:00:26.800000000,5,0,0,30,30,0,5,0,0,0,0,0,5,2.0,48.0,2018-08-01 00:00:00,2018-09-01 00:00:00,Not Merged / Rejected,0.8139255702280912
1409,25663,210852249,spring-framework,CONTRIBUTOR,closed,2018-08-24 21:23:26,2018-09-18 09:40:06,2018,08,2018,9.0,588.277777777778,24.5115740740741,588.277777777778,24.5115740740741,588.277777777778,24.5115740740741,2018-09-18 09:40:06,2018-09-18 09:40:06,0 days 00:00:00.000000000,0,0,0,1,1,0,1,0,0,0,0,0,1,0.0,0.0,2018-08-01 00:00:00,2018-09-01 00:00:00,Not Merged / Rejected,0.8847539015606243
1414,25663,213376584,spring-framework,NONE,closed,2018-09-05 17:48:35,2019-11-08 18:27:21,2018,09,2019,11.0,10296.6461111111,429.026921296296,0.000277777777777778,1.15740740740741e-05,10296.6461111111,429.026921296296,2018-09-05 17:48:36,2019-11-08 18:27:21,143 days 00:12:55.000000000,0,3,6,6,6,0,3,0,0,0,3,0,3,143.0,3432.0,2018-09-01 00:00:00,2019-11-01 00:00:00,Not Merged / Rejected,0.9963985594237695
1415,25663,213611197,spring-framework,NONE,closed,2018-09-06 13:06:24,2019-03-04 17:02:16,2018,09,2019,3.0,4299.93111111111,179.163796296296,174.869722222222,7.28623842592593,4300.23916666667,179.176631944444,2018-09-13 19:58:35,2019-03-04 17:20:45,3 days 17:40:55.000000000,46,0,184,874,874,276,46,92,0,46,46,0,46,3.0,72.0,2018-09-01 00:00:00,2019-03-01 00:00:00,Not Merged / Rejected,0.9747899159663865
1417,25663,214165042,spring-framework,CONTRIBUTOR,closed,2018-09-09 21:09:13,2019-11-08 18:11:06,2018,09,2019,11.0,10197.0313888889,424.87630787037,17.2908333333333,0.720451388888889,381.336388888889,15.8890162037037,2018-09-10 14:26:40,2018-09-25 18:29:24,5 days 01:20:54.666667000,3,0,9,3,3,3,3,0,0,3,3,0,3,5.0,120.0,2018-09-01 00:00:00,2019-11-01 00:00:00,Not Merged / Rejected,0.9939975990396158
1418,25663,214757234,spring-framework,NONE,closed,2018-09-11 20:31:23,2019-11-13 14:25:04,2018,09,2019,11.0,10265.8947222222,427.745613425926,10266.0991666667,427.754131944444,10378.56,432.44,2019-11-13 14:37:20,2019-11-18 07:04:59,2 days 08:13:49.500000000,2,0,6,0,0,6,2,4,0,2,2,0,2,2.0,48.0,2018-09-01 00:00:00,2019-11-01 00:00:00,Not Merged / Rejected,0.9951980792316927
1438,25663,222190227,spring-framework,NONE,closed,2018-10-11 15:51:24,2018-10-26 08:25:36,2018,10,2018,10.0,352.57,14.6904166666667,352.57,14.6904166666667,352.57,14.6904166666667,2018-10-26 08:25:36,2018-10-26 08:25:36,0 days 00:00:00.000000000,0,0,0,0,0,0,1,1,0,0,0,1,1,0.0,0.0,2018-10-01 00:00:00,2018-10-01 00:00:00,Not Merged / Rejected,0.8379351740696278
1444,25663,224545258,spring-framework,NONE,closed,2018-10-21 14:29:39,2018-11-20 20:58:12,2018,10,2018,11.0,726.475833333333,30.2698263888889,0.000277777777777778,1.15740740740741e-05,730.428888888889,30.434537037037,2018-10-21 14:29:40,2018-11-21 00:55:23,7 days 14:36:25.750000000,0,0,0,8,8,0,4,0,0,0,0,0,4,7.0,168.0,2018-10-01 00:00:00,2018-11-01 00:00:00,Not Merged / Rejected,0.8967587034813925
1449,25663,227089101,spring-framework,NONE,closed,2018-10-30 21:33:25,2019-01-29 17:59:25,2018,10,2019,1.0,2180.43333333333,90.8513888888889,0.000555555555555556,2.31481481481481e-05,2180.43333333333,90.8513888888889,2018-10-30 21:33:27,2019-01-29 17:59:25,45 days 10:12:59.000000000,2,0,4,2,2,0,2,0,0,0,2,0,2,45.0,1080.0,2018-10-01 00:00:00,2019-01-01 00:00:00,Not Merged / Rejected,0.9459783913565426
1453,25663,228187669,spring-framework,CONTRIBUTOR,closed,2018-11-04 16:40:02,2018-12-11 11:13:12,2018,11,2018,12.0,882.552777777778,36.7730324074074,882.555,36.773125,882.555,36.773125,2018-12-11 11:13:20,2018-12-11 11:13:20,0 days 00:00:00.000000000,0,0,0,0,0,0,1,0,0,0,0,1,1,0.0,0.0,2018-11-01 00:00:00,2018-12-01 00:00:00,Not Merged / Rejected,0.9135654261704682
1463,25663,233060463,spring-framework,NONE,closed,2018-11-22 19:15:59,2019-11-11 15:05:26,2018,11,2019,11.0,8491.82416666667,353.826006944444,0.000277777777777778,1.15740740740741e-05,0.00638888888888889,0.000266203703703704,2018-11-22 19:16:00,2018-11-22 19:16:22,0 days 00:00:11.000000000,2,0,6,4,4,2,2,4,0,2,2,0,2,0.0,0.0,2018-11-01 00:00:00,2019-11-01 00:00:00,Not Merged / Rejected,0.9867947178871549
1482,25663,237732654,spring-framework,NONE,closed,2018-12-11 15:57:32,2019-01-16 11:31:19,2018,12,2019,1.0,859.563055555556,35.8151273148148,2.85166666666667,0.118819444444444,859.563055555556,35.8151273148148,2018-12-11 18:48:38,2019-01-16 11:31:19,17 days 20:21:20.500000000,0,0,2,0,0,0,2,0,0,0,0,0,2,17.0,408.0,2018-12-01 00:00:00,2019-01-01 00:00:00,Not Merged / Rejected,0.9111644657863145
1485,25663,238561682,spring-framework,CONTRIBUTOR,closed,2018-12-13 23:05:20,2018-12-25 08:47:47,2018,12,2018,12.0,273.7075,11.4044791666667,14.0908333333333,0.587118055555556,273.621666666667,11.4009027777778,2018-12-14 13:10:47,2018-12-25 08:42:38,3 days 14:30:37.000000000,3,0,3,9,9,6,3,0,0,0,3,0,3,3.0,72.0,2018-12-01 00:00:00,2018-12-01 00:00:00,Not Merged / Rejected,0.8151260504201681
1500,25663,243022403,spring-framework,NONE,closed,2019-01-08 15:50:45,2019-04-02 13:03:22,2019,01,2019,4.0,2013.21027777778,83.8837615740741,2010.45388888889,83.768912037037,2010.45388888889,83.768912037037,2019-04-02 10:17:59,2019-04-02 10:17:59,0 days 00:00:00.000000000,1,0,3,0,0,0,1,0,0,2,1,0,1,0.0,0.0,2019-01-01 00:00:00,2019-04-01 00:00:00,Not Merged / Rejected,0.9399759903961584
1501,25663,243946698,spring-framework,CONTRIBUTOR,closed,2019-01-11 08:40:50,2019-02-15 14:23:05,2019,01,2019,2.0,845.704166666667,35.2376736111111,845.704166666667,35.2376736111111,845.704166666667,35.2376736111111,2019-02-15 14:23:05,2019-02-15 14:23:05,0 days 00:00:00.000000000,1,0,1,0,0,0,1,0,0,0,0,0,1,0.0,0.0,2019-01-01 00:00:00,2019-02-01 00:00:00,Not Merged / Rejected,0.9099639855942377
1502,25663,244215876,spring-framework,NONE,closed,2019-01-12 11:49:39,2019-03-14 17:27:36,2019,01,2019,3.0,1469.6325,61.2346875,0.000277777777777778,1.15740740740741e-05,1469.6325,61.2346875,2019-01-12 11:49:40,2019-03-14 17:27:36,20 days 09:52:38.666667000,0,0,6,6,6,0,3,0,0,0,3,0,3,20.0,480.0,2019-01-01 00:00:00,2019-03-01 00:00:00,Not Merged / Rejected,0.929171668667467
1511,25663,246059468,spring-framework,CONTRIBUTOR,closed,2019-01-19 17:23:01,2019-12-13 14:53:28,2019,01,2019,12.0,7869.5075,327.896145833333,9.59416666666667,0.399756944444444,7869.5075,327.896145833333,2019-01-20 02:58:40,2019-12-13 14:53:28,40 days 22:29:21.000000000,0,0,16,24,24,0,8,24,0,0,8,0,8,40.0,960.0,2019-01-01 00:00:00,2019-12-01 00:00:00,Not Merged / Rejected,0.9843937575030012
1517,25663,248166464,spring-framework,CONTRIBUTOR,closed,2019-01-28 14:47:37,2019-02-15 13:38:09,2019,01,2019,2.0,430.842222222222,17.9517592592593,430.841944444444,17.9517476851852,430.841944444444,17.9517476851852,2019-02-15 13:38:08,2019-02-15 13:38:08,0 days 00:00:00.000000000,0,0,1,0,0,0,1,0,0,0,0,1,1,0.0,0.0,2019-01-01 00:00:00,2019-02-01 00:00:00,Not Merged / Rejected,0.8559423769507803
1518,25663,248185461,spring-framework,CONTRIBUTOR,closed,2019-01-28 15:39:18,2019-02-15 13:31:43,2019,01,2019,2.0,429.873611111111,17.911400462963,429.873611111111,17.911400462963,429.873611111111,17.911400462963,2019-02-15 13:31:43,2019-02-15 13:31:43,0 days 00:00:00.000000000,0,0,1,0,0,0,1,0,0,0,0,1,1,0.0,0.0,2019-01-01 00:00:00,2019-02-01 00:00:00,Not Merged / Rejected,0.8547418967587035
1519,25663,248681567,spring-framework,NONE,closed,2019-01-29 22:32:13,2019-02-11 12:42:06,2019,01,2019,2.0,302.164722222222,12.5901967592593,60.2416666666667,2.51006944444444,302.205,12.591875,2019-02-01 10:46:43,2019-02-11 12:44:31,3 days 08:39:16.000000000,3,3,12,3,3,3,3,3,0,3,3,0,3,3.0,72.0,2019-01-01 00:00:00,2019-02-01 00:00:00,Not Merged / Rejected,0.8235294117647058
1528,25663,250904199,spring-framework,CONTRIBUTOR,closed,2019-02-06 20:56:25,2019-03-12 20:00:39,2019,02,2019,3.0,815.070555555556,33.9612731481481,959.623055555556,39.9842939814815,1354.25861111111,56.4274421296296,2019-03-18 20:33:48,2019-04-04 07:11:56,3 days 06:55:37.600000000,0,0,15,15,15,10,5,0,0,5,5,0,5,3.0,72.0,2019-02-01 00:00:00,2019-03-01 00:00:00,Not Merged / Rejected,0.9063625450180072
1529,25663,251041275,spring-framework,NONE,closed,2019-02-07 09:23:03,2019-11-13 15:04:08,2019,02,2019,11.0,6701.68472222222,279.236863425926,0.000555555555555556,2.31481481481481e-05,6701.68361111111,279.23681712963,2019-02-07 09:23:05,2019-11-13 15:04:04,93 days 01:53:39.666667000,3,0,9,6,6,0,3,0,0,3,3,0,3,93.0,2232.0,2019-02-01 00:00:00,2019-11-01 00:00:00,Not Merged / Rejected,0.9819927971188476
1531,25663,251270170,spring-framework,CONTRIBUTOR,closed,2019-02-07 21:11:19,2019-06-11 14:55:43,2019,02,2019,6.0,2969.74,123.739166666667,297.218055555556,12.3840856481481,2635.3725,109.8071875,2019-02-20 06:24:24,2019-05-28 16:33:40,8 days 20:33:34.181818000,11,0,44,33,33,22,11,22,0,11,22,11,11,8.0,192.0,2019-02-01 00:00:00,2019-06-01 00:00:00,Not Merged / Rejected,0.9627851140456183
1533,25663,251711444,spring-framework,CONTRIBUTOR,closed,2019-02-10 01:52:14,2019-03-11 12:44:49,2019,02,2019,3.0,706.876388888889,29.4531828703704,706.876388888889,29.4531828703704,706.876388888889,29.4531828703704,2019-03-11 12:44:49,2019-03-11 12:44:49,0 days 00:00:00.000000000,1,0,3,0,0,1,1,0,0,0,1,0,1,0.0,0.0,2019-02-01 00:00:00,2019-03-01 00:00:00,Not Merged / Rejected,0.8955582232893158
1539,25663,255065877,spring-framework,CONTRIBUTOR,closed,2019-02-21 15:19:19,2019-11-13 22:41:50,2019,02,2019,11.0,6367.37527777778,265.307303240741,4342.94666666667,180.956111111111,6366.73,265.280416666667,2019-08-21 14:16:07,2019-11-13 22:03:07,28 days 02:35:40.000000000,3,0,9,6,6,0,3,6,0,12,3,3,3,28.0,672.0,2019-02-01 00:00:00,2019-11-01 00:00:00,Not Merged / Rejected,0.9807923169267707
1540,25663,256261372,spring-framework,NONE,closed,2019-02-26 12:20:39,2019-04-03 23:42:25,2019,02,2019,4.0,875.362777777778,36.4734490740741,0.000555555555555556,2.31481481481481e-05,6389.55138888889,266.23130787037,2019-02-26 12:20:41,2019-11-19 17:53:44,26 days 14:57:18.300000000,10,0,30,40,40,10,10,0,0,10,10,0,10,26.0,624.0,2019-02-01 00:00:00,2019-04-01 00:00:00,Not Merged / Rejected,0.9123649459783914
1544,25663,257397578,spring-framework,CONTRIBUTOR,closed,2019-03-01 10:42:54,2019-03-25 09:04:15,2019,03,2019,3.0,574.355833333333,23.9314930555556,574.355833333333,23.9314930555556,574.355833333333,23.9314930555556,2019-03-25 09:04:15,2019-03-25 09:04:15,0 days 00:00:00.000000000,0,0,2,0,0,0,1,1,0,0,1,1,1,0.0,0.0,2019-03-01 00:00:00,2019-03-01 00:00:00,Not Merged / Rejected,0.8835534213685474
1551,25663,259476684,spring-framework,CONTRIBUTOR,closed,2019-03-08 13:32:21,2019-04-02 13:03:22,2019,03,2019,4.0,599.516944444444,24.9798726851852,601.308055555556,25.0545023148148,601.308055555556,25.0545023148148,2019-04-02 14:50:50,2019-04-02 14:50:50,0 days 00:00:00.000000000,1,0,3,0,0,0,1,1,0,3,1,0,1,0.0,0.0,2019-03-01 00:00:00,2019-04-01 00:00:00,Not Merged / Rejected,0.8871548619447779
1559,25663,261833262,spring-framework,CONTRIBUTOR,closed,2019-03-17 10:39:03,2019-08-01 11:55:57,2019,03,2019,8.0,3289.28166666667,137.053402777778,6.82222222222222,0.284259259259259,3289.28166666667,137.053402777778,2019-03-17 17:28:23,2019-08-01 11:55:57,34 days 04:36:53.500000000,4,0,12,12,12,8,4,0,0,0,0,4,4,34.0,816.0,2019-03-01 00:00:00,2019-08-01 00:00:00,Not Merged / Rejected,0.9651860744297719
1568,25663,264149413,spring-framework,NONE,closed,2019-03-25 14:41:30,2019-04-19 03:12:24,2019,03,2019,4.0,588.515,24.5214583333333,52.4152777777778,2.18396990740741,53.7263888888889,2.23859953703704,2019-03-27 19:06:25,2019-03-27 20:25:05,0 days 00:26:13.333333000,3,0,9,3,3,0,3,0,0,6,3,3,3,0.0,0.0,2019-03-01 00:00:00,2019-04-01 00:00:00,Not Merged / Rejected,0.885954381752701
1581,25663,266139413,spring-framework,CONTRIBUTOR,closed,2019-04-01 08:27:41,2019-11-08 17:55:50,2019,04,2019,11.0,5313.46916666667,221.394548611111,0.000555555555555556,2.31481481481481e-05,0.0583333333333333,0.00243055555555556,2019-04-01 08:27:43,2019-04-01 08:31:11,0 days 00:01:44.000000000,2,0,6,4,4,0,2,0,0,2,2,0,2,0.0,0.0,2019-04-01 00:00:00,2019-11-01 00:00:00,Not Merged / Rejected,0.9759903961584634
1587,25663,269256834,spring-framework,NONE,closed,2019-04-10 17:25:29,2019-11-27 13:46:33,2019,04,2019,11.0,5540.35111111111,230.847962962963,0.168611111111111,0.00702546296296296,5540.35111111111,230.847962962963,2019-04-10 17:35:36,2019-11-27 13:46:33,115 days 10:05:28.500000000,0,0,4,4,4,0,2,0,0,0,2,0,2,115.0,2760.0,2019-04-01 00:00:00,2019-11-01 00:00:00,Not Merged / Rejected,0.9771908763505402
1595,25663,273591758,spring-framework,MEMBER,closed,2019-04-25 16:11:20,2019-07-11 16:15:25,2019,04,2019,7.0,1848.06805555556,77.0028356481481,95.7236111111111,3.9884837962963,1868.50027777778,77.8541782407407,2019-04-29 15:54:45,2019-07-12 12:41:21,3 days 08:34:50.727273000,44,66,66,330,330,286,22,198,0,66,44,0,22,3.0,72.0,2019-04-01 00:00:00,2019-07-01 00:00:00,Not Merged / Rejected,0.936374549819928
1602,25663,276754706,spring-framework,NONE,closed,2019-05-07 20:11:10,2019-06-04 18:51:51,2019,05,2019,6.0,670.678055555556,27.9449189814815,19.5286111111111,0.81369212962963,670.678055555556,27.9449189814815,2019-05-08 15:42:53,2019-06-04 18:51:51,13 days 13:34:29.000000000,2,0,8,0,0,0,2,0,0,2,4,0,2,13.0,312.0,2019-05-01 00:00:00,2019-06-01 00:00:00,Not Merged / Rejected,0.8919567827130852
1605,25663,277162404,spring-framework,NONE,closed,2019-05-08 21:33:47,2019-06-12 10:56:49,2019,05,2019,6.0,829.383888888889,34.557662037037,827.363333333333,34.4734722222222,829.383888888889,34.557662037037,2019-06-12 08:55:35,2019-06-12 10:56:49,0 days 01:00:37.000000000,2,0,6,0,0,0,2,4,0,4,2,0,2,0.0,0.0,2019-05-01 00:00:00,2019-06-01 00:00:00,Not Merged / Rejected,0.907563025210084
1610,25663,280464253,spring-framework,CONTRIBUTOR,closed,2019-05-20 16:35:35,2019-06-10 13:16:29,2019,05,2019,6.0,500.681666666667,20.8617361111111,165.700555555556,6.90418981481481,501.113333333333,20.8797222222222,2019-05-27 14:17:37,2019-06-10 13:42:23,4 days 15:48:15.333333000,3,0,9,3,3,6,3,9,0,6,3,3,3,4.0,96.0,2019-05-01 00:00:00,2019-06-01 00:00:00,Not Merged / Rejected,0.8727490996398559
1619,25663,283144339,spring-framework,CONTRIBUTOR,closed,2019-05-29 08:19:19,2019-06-11 10:08:48,2019,05,2019,6.0,313.824722222222,13.0760300925926,319.620833333333,13.3175347222222,335.206666666667,13.9669444444444,2019-06-11 15:56:34,2019-06-12 07:31:43,0 days 07:47:34.500000000,2,0,6,0,0,8,2,0,0,2,2,0,2,0.0,0.0,2019-05-01 00:00:00,2019-06-01 00:00:00,Not Merged / Rejected,0.8259303721488596
1621,25663,283647538,spring-framework,NONE,closed,2019-05-30 13:08:38,2019-08-26 15:17:25,2019,05,2019,8.0,2114.14638888889,88.0894328703704,0.000833333333333333,3.47222222222222e-05,2133.36444444444,88.8901851851852,2019-05-30 13:08:41,2019-08-27 10:30:30,12 days 16:45:58.428571000,0,0,21,35,35,0,7,0,0,0,14,0,7,12.0,288.0,2019-05-01 00:00:00,2019-08-01 00:00:00,Not Merged / Rejected,0.9423769507803121
1624,25663,284061321,spring-framework,CONTRIBUTOR,closed,2019-05-31 14:05:55,2019-07-02 08:49:25,2019,05,2019,7.0,762.725,31.7802083333333,762.725,31.7802083333333,762.725,31.7802083333333,2019-07-02 08:49:25,2019-07-02 08:49:25,0 days 00:00:00.000000000,1,1,3,1,1,1,1,2,0,1,1,1,1,0.0,0.0,2019-05-01 00:00:00,2019-07-01 00:00:00,Not Merged / Rejected,0.9015606242496998
1627,25663,284948855,spring-framework,CONTRIBUTOR,closed,2019-06-04 12:24:02,2019-10-05 06:32:45,2019,06,2019,10.0,2946.14527777778,122.756053240741,0.00138888888888889,5.78703703703704e-05,2946.14527777778,122.756053240741,2019-06-04 12:24:07,2019-10-05 06:32:45,40 days 22:02:52.666667000,0,0,6,6,6,0,3,0,0,0,3,0,3,40.0,960.0,2019-06-01 00:00:00,2019-10-01 00:00:00,Not Merged / Rejected,0.9615846338535414
1629,25663,287506972,spring-framework,CONTRIBUTOR,closed,2019-06-12 13:25:09,2019-07-05 09:57:33,2019,06,2019,7.0,548.54,22.8558333333333,548.615555555556,22.8589814814815,548.686388888889,22.8619328703704,2019-07-05 10:02:05,2019-07-05 10:06:20,0 days 00:02:07.500000000,2,2,6,2,2,0,2,0,0,2,2,2,2,0.0,0.0,2019-06-01 00:00:00,2019-07-01 00:00:00,Not Merged / Rejected,0.8811524609843937
1633,25663,288781478,spring-framework,NONE,closed,2019-06-17 10:15:00,2019-11-08 13:03:05,2019,06,2019,11.0,3458.80138888889,144.116724537037,0.00111111111111111,4.62962962962963e-05,0.05,0.00208333333333333,2019-06-17 10:15:04,2019-06-17 10:18:00,0 days 00:01:28.000000000,0,0,6,4,4,0,2,0,0,0,4,0,2,0.0,0.0,2019-06-01 00:00:00,2019-11-01 00:00:00,Not Merged / Rejected,0.9699879951980792
1639,25663,291232527,spring-framework,CONTRIBUTOR,closed,2019-06-24 17:44:31,2019-07-08 10:12:00,2019,06,2019,7.0,328.458055555556,13.6857523148148,328.458055555556,13.6857523148148,328.458055555556,13.6857523148148,2019-07-08 10:12:00,2019-07-08 10:12:00,0 days 00:00:00.000000000,1,0,1,0,0,0,1,0,0,0,0,0,1,0.0,0.0,2019-06-01 00:00:00,2019-07-01 00:00:00,Not Merged / Rejected,0.8319327731092437
1662,25663,303031320,spring-framework,CONTRIBUTOR,closed,2019-07-31 16:20:33,2019-08-27 17:31:07,2019,07,2019,8.0,649.176111111111,27.0490046296296,603.917777777778,25.1632407407407,649.208333333333,27.0503472222222,2019-08-25 20:15:37,2019-08-27 17:33:03,0 days 07:32:54.333333000,6,0,24,42,42,6,6,0,0,6,12,6,6,0.0,0.0,2019-07-01 00:00:00,2019-08-01 00:00:00,Not Merged / Rejected,0.8883553421368547
1667,25663,304024909,spring-framework,CONTRIBUTOR,closed,2019-08-03 20:51:42,2019-11-12 13:09:58,2019,08,2019,11.0,2416.30444444444,100.679351851852,2319.32277777778,96.6384490740741,2416.79555555556,100.699814814815,2019-11-08 12:11:04,2019-11-12 13:39:26,2 days 00:44:11.000000000,0,0,12,0,0,0,2,0,0,0,4,2,2,2.0,48.0,2019-08-01 00:00:00,2019-11-01 00:00:00,Not Merged / Rejected,0.9543817527010804
1670,25663,304245704,spring-framework,CONTRIBUTOR,closed,2019-08-05 10:46:35,2019-11-08 15:04:51,2019,08,2019,11.0,2284.30444444444,95.1793518518518,24.9366666666667,1.03902777777778,2284.33833333333,95.1807638888889,2019-08-06 11:42:47,2019-11-08 15:06:53,47 days 01:42:03.000000000,2,0,6,4,4,2,2,0,0,2,2,0,2,47.0,1128.0,2019-08-01 00:00:00,2019-11-01 00:00:00,Not Merged / Rejected,0.9507803121248499
1671,25663,304750074,spring-framework,NONE,closed,2019-08-06 14:40:23,2019-08-23 09:32:30,2019,08,2019,8.0,402.868611111111,16.7861921296296,402.868611111111,16.7861921296296,402.868611111111,16.7861921296296,2019-08-23 09:32:30,2019-08-23 09:32:30,0 days 00:00:00.000000000,0,0,2,1,1,0,1,0,0,0,1,0,1,0.0,0.0,2019-08-01 00:00:00,2019-08-01 00:00:00,Not Merged / Rejected,0.851140456182473
1681,25663,307192418,spring-framework,NONE,closed,2019-08-14 06:52:09,2019-09-04 11:15:01,2019,08,2019,9.0,508.381111111111,21.1825462962963,193.268888888889,8.05287037037037,438.463333333333,18.2693055555556,2019-08-22 08:08:17,2019-09-01 13:19:57,2 days 13:17:55.000000000,4,0,12,12,12,0,4,0,0,4,4,0,4,2.0,48.0,2019-08-01 00:00:00,2019-09-01 00:00:00,Not Merged / Rejected,0.8751500600240096
1682,25663,307750075,spring-framework,CONTRIBUTOR,closed,2019-08-15 15:27:36,2019-11-08 13:02:19,2019,08,2019,11.0,2037.57861111111,84.8991087962963,261.524444444444,10.8968518518519,2037.68527777778,84.9035532407407,2019-08-26 12:59:04,2019-11-08 13:08:43,24 days 16:03:13.000000000,3,0,9,3,3,0,3,0,0,3,3,3,3,24.0,576.0,2019-08-01 00:00:00,2019-11-01 00:00:00,Not Merged / Rejected,0.9411764705882353
1683,25663,308021363,spring-framework,CONTRIBUTOR,closed,2019-08-16 10:18:55,2019-08-25 20:45:27,2019,08,2019,8.0,226.442222222222,9.43509259259259,226.448611111111,9.4353587962963,226.448611111111,9.4353587962963,2019-08-25 20:45:50,2019-08-25 20:45:50,0 days 00:00:00.000000000,1,0,2,1,1,1,1,0,0,1,1,1,1,0.0,0.0,2019-08-01 00:00:00,2019-08-01 00:00:00,Not Merged / Rejected,0.8055222088835534
1685,25663,308357262,spring-framework,NONE,closed,2019-08-18 11:40:50,2019-12-13 15:22:56,2019,08,2019,12.0,2811.70166666667,117.154236111111,0.000277777777777778,1.15740740740741e-05,2811.70166666667,117.154236111111,2019-08-18 11:40:51,2019-12-13 15:22:56,29 days 06:55:31.250000000,0,0,12,12,12,0,4,0,0,0,4,0,4,29.0,696.0,2019-08-01 00:00:00,2019-12-01 00:00:00,Not Merged / Rejected,0.957983193277311
1686,25663,308726948,spring-framework,CONTRIBUTOR,closed,2019-08-19 18:20:36,2019-09-03 11:32:23,2019,08,2019,9.0,353.196388888889,14.7165162037037,0.000277777777777778,1.15740740740741e-05,359.569166666667,14.9820486111111,2019-08-19 18:20:37,2019-09-03 17:54:45,1 days 11:57:24.800000000,10,0,30,120,120,20,10,0,0,10,10,10,10,1.0,24.0,2019-08-01 00:00:00,2019-09-01 00:00:00,Not Merged / Rejected,0.8391356542617047
1694,25663,313337105,spring-framework,CONTRIBUTOR,closed,2019-09-02 17:42:45,2019-09-16 09:38:23,2019,09,2019,9.0,327.927222222222,13.6636342592593,257.715833333333,10.7381597222222,327.948611111111,13.664525462963,2019-09-13 11:25:42,2019-09-16 09:39:40,0 days 07:48:13.111111000,18,0,63,54,54,0,9,36,0,9,36,9,9,0.0,0.0,2019-09-01 00:00:00,2019-09-01 00:00:00,Not Merged / Rejected,0.8307322929171669
1695,25663,313462132,spring-framework,CONTRIBUTOR,closed,2019-09-03 07:44:13,2019-09-12 12:08:19,2019,09,2019,9.0,220.401666666667,9.18340277777778,220.201388888889,9.17505787037037,220.201388888889,9.17505787037037,2019-09-12 11:56:18,2019-09-12 11:56:18,0 days 00:00:00.000000000,1,0,6,0,0,3,1,0,0,1,3,0,1,0.0,0.0,2019-09-01 00:00:00,2019-09-01 00:00:00,Not Merged / Rejected,0.8031212484993998
1701,25663,315532466,spring-framework,CONTRIBUTOR,closed,2019-09-09 13:30:15,2019-10-23 16:37:34,2019,09,2019,10.0,1059.12194444444,44.1300810185185,0.000833333333333333,3.47222222222222e-05,1059.12194444444,44.1300810185185,2019-09-09 13:30:18,2019-10-23 16:37:34,11 days 00:46:49.000000000,4,0,16,8,8,4,4,0,0,4,4,0,4,11.0,264.0,2019-09-01 00:00:00,2019-10-01 00:00:00,Not Merged / Rejected,0.9207683073229291
1702,25663,315592947,spring-framework,CONTRIBUTOR,closed,2019-09-09 15:35:49,2019-09-27 22:41:22,2019,09,2019,9.0,439.0925,18.2955208333333,16.0280555555556,0.667835648148148,439.0925,18.2955208333333,2019-09-10 07:37:30,2019-09-27 22:41:22,8 days 19:31:56.000000000,0,0,4,2,2,0,2,0,0,0,2,2,2,8.0,192.0,2019-09-01 00:00:00,2019-09-01 00:00:00,Not Merged / Rejected,0.858343337334934
1706,25663,316906911,spring-framework,NONE,closed,2019-09-12 13:27:42,2019-11-01 12:30:39,2019,09,2019,11.0,1199.04916666667,49.9603819444444,935.271666666667,38.9696527777778,935.271666666667,38.9696527777778,2019-10-21 12:44:00,2019-10-21 12:44:00,0 days 00:00:00.000000000,1,0,3,0,0,1,1,0,0,1,1,0,1,0.0,0.0,2019-09-01 00:00:00,2019-11-01 00:00:00,Not Merged / Rejected,0.9255702280912365
1719,25663,322751668,spring-framework,CONTRIBUTOR,closed,2019-09-30 12:20:34,2019-11-04 09:45:09,2019,09,2019,11.0,837.409722222222,34.8920717592593,0.000277777777777778,1.15740740740741e-05,837.413055555556,34.8922106481482,2019-09-30 12:20:35,2019-11-04 09:45:21,8 days 17:21:11.500000000,4,0,8,16,16,8,4,0,0,8,4,0,4,8.0,192.0,2019-09-01 00:00:00,2019-11-01 00:00:00,Not Merged / Rejected,0.9087635054021609
1726,25663,323928355,spring-framework,NONE,closed,2019-10-02 20:21:48,2019-11-08 15:33:38,2019,10,2019,11.0,883.197222222222,36.7998842592593,878.173611111111,36.5905671296296,950.231944444444,39.5929976851852,2019-11-08 10:32:13,2019-11-11 10:35:43,0 days 14:24:42.000000000,0,0,15,10,10,0,5,0,0,0,5,0,5,0.0,0.0,2019-10-01 00:00:00,2019-11-01 00:00:00,Not Merged / Rejected,0.9147659063625451
1727,25663,324468178,spring-framework,CONTRIBUTOR,closed,2019-10-04 01:02:29,2019-10-23 10:35:39,2019,10,2019,10.0,465.552777777778,19.3980324074074,465.340833333333,19.3892013888889,465.340833333333,19.3892013888889,2019-10-23 10:22:56,2019-10-23 10:22:56,0 days 00:00:00.000000000,1,0,3,0,0,2,1,0,0,1,1,0,1,0.0,0.0,2019-10-01 00:00:00,2019-10-01 00:00:00,Not Merged / Rejected,0.8667466986794717
1728,25663,324871077,spring-framework,NONE,closed,2019-10-04 22:31:04,2019-11-05 16:19:42,2019,10,2019,11.0,761.810555555556,31.7421064814815,761.778055555556,31.7407523148148,1098.31472222222,45.7631134259259,2019-11-05 16:17:45,2019-11-19 16:49:57,2 days 00:04:36.000000000,7,0,14,42,42,0,7,0,0,0,7,0,7,2.0,48.0,2019-10-01 00:00:00,2019-11-01 00:00:00,Not Merged / Rejected,0.9003601440576231
1729,25663,325151578,spring-framework,NONE,closed,2019-10-07 06:47:33,2019-10-23 16:33:56,2019,10,2019,10.0,393.773055555556,16.4072106481481,190.802777777778,7.95011574074074,195.778611111111,8.15744212962963,2019-10-15 05:35:43,2019-10-15 10:34:16,0 days 01:39:31.000000000,3,0,18,15,15,6,3,0,0,6,9,0,3,0.0,0.0,2019-10-01 00:00:00,2019-10-01 00:00:00,Not Merged / Rejected,0.8487394957983193
1731,25663,325985107,spring-framework,CONTRIBUTOR,closed,2019-10-08 22:10:37,2019-10-29 12:28:15,2019,10,2019,10.0,494.293888888889,20.5955787037037,472.4225,19.6842708333333,495.561944444444,20.6484143518519,2019-10-28 14:35:58,2019-10-29 13:44:20,0 days 04:37:40.400000000,5,0,30,5,5,15,5,0,0,5,10,5,5,0.0,0.0,2019-10-01 00:00:00,2019-10-01 00:00:00,Not Merged / Rejected,0.8715486194477791
1733,25663,326937869,spring-framework,CONTRIBUTOR,closed,2019-10-10 21:29:16,2019-10-23 16:33:57,2019,10,2019,10.0,307.078055555556,12.7949189814815,0.000555555555555556,2.31481481481481e-05,21.0252777777778,0.876053240740741,2019-10-10 21:29:18,2019-10-11 18:30:47,0 days 07:00:29.666667000,3,0,15,9,9,3,3,0,0,6,6,0,3,0.0,0.0,2019-10-01 00:00:00,2019-10-01 00:00:00,Not Merged / Rejected,0.8247298919567827
1734,25663,327156325,spring-framework,CONTRIBUTOR,closed,2019-10-11 11:33:25,2019-10-24 20:17:21,2019,10,2019,10.0,320.732222222222,13.3638425925926,320.732222222222,13.3638425925926,320.732222222222,13.3638425925926,2019-10-24 20:17:21,2019-10-24 20:17:21,0 days 00:00:00.000000000,1,0,5,0,0,3,1,0,0,2,2,1,1,0.0,0.0,2019-10-01 00:00:00,2019-10-01 00:00:00,Not Merged / Rejected,0.8283313325330132
1735,25663,327531888,spring-framework,CONTRIBUTOR,closed,2019-10-13 07:33:15,2019-11-01 12:30:40,2019,10,2019,11.0,460.956944444444,19.2065393518519,0.000555555555555556,2.31481481481481e-05,0.0419444444444444,0.00174768518518519,2019-10-13 07:33:17,2019-10-13 07:35:46,0 days 00:01:14.500000000,2,0,4,4,4,2,2,0,0,2,2,0,2,0.0,0.0,2019-10-01 00:00:00,2019-11-01 00:00:00,Not Merged / Rejected,0.8643457382953181
1736,25663,327947257,spring-framework,NONE,closed,2019-10-14 19:48:19,2019-10-30 12:11:30,2019,10,2019,10.0,376.386388888889,15.6827662037037,14.1830555555556,0.590960648148148,45.5219444444444,1.89674768518519,2019-10-15 09:59:18,2019-10-16 17:19:38,0 days 07:50:05.000000000,4,0,20,8,8,20,4,8,0,8,8,0,4,0.0,0.0,2019-10-01 00:00:00,2019-10-01 00:00:00,Not Merged / Rejected,0.8451380552220888
1738,25663,328295475,spring-framework,NONE,closed,2019-10-15 14:16:01,2019-11-07 07:55:03,2019,10,2019,11.0,545.650555555556,22.7354398148148,537.629722222222,22.4012384259259,545.650555555556,22.7354398148148,2019-11-06 23:53:48,2019-11-07 07:55:03,0 days 04:00:37.500000000,0,0,4,4,4,0,2,0,0,0,0,0,2,0.0,0.0,2019-10-01 00:00:00,2019-11-01 00:00:00,Not Merged / Rejected,0.8787515006002401
1740,25663,328397646,spring-framework,CONTRIBUTOR,closed,2019-10-15 18:08:03,2019-10-29 19:02:45,2019,10,2019,10.0,336.911666666667,14.0379861111111,336.911666666667,14.0379861111111,336.911666666667,14.0379861111111,2019-10-29 19:02:45,2019-10-29 19:02:45,0 days 00:00:00.000000000,0,0,1,0,0,0,1,0,0,0,0,0,1,0.0,0.0,2019-10-01 00:00:00,2019-10-01 00:00:00,Not Merged / Rejected,0.8355342136854742
1744,25663,330048638,spring-framework,NONE,closed,2019-10-19 19:09:36,2019-11-26 16:22:29,2019,10,2019,11.0,909.214722222222,37.8839467592593,478.468888888889,19.9362037037037,544.246666666667,22.6769444444444,2019-11-08 17:37:44,2019-11-11 11:24:24,0 days 21:55:33.333333000,3,0,15,0,0,0,3,0,0,3,9,0,3,0.0,0.0,2019-10-01 00:00:00,2019-11-01 00:00:00,Not Merged / Rejected,0.9159663865546218
1748,25663,331768768,spring-framework,NONE,closed,2019-10-23 22:17:32,2019-11-08 08:47:43,2019,10,2019,11.0,370.503055555556,15.4376273148148,0.000555555555555556,2.31481481481481e-05,370.503055555556,15.4376273148148,2019-10-23 22:17:34,2019-11-08 08:47:43,5 days 03:30:03.000000000,3,0,9,9,9,6,3,0,0,3,3,0,3,5.0,120.0,2019-10-01 00:00:00,2019-11-01 00:00:00,Not Merged / Rejected,0.8427370948379351
1752,25663,332906627,spring-framework,NONE,closed,2019-10-27 23:42:29,2019-11-08 09:46:27,2019,10,2019,11.0,274.066111111111,11.4194212962963,84.5522222222222,3.52300925925926,274.066111111111,11.4194212962963,2019-10-31 12:15:37,2019-11-08 09:46:27,2 days 15:10:16.666667000,3,0,24,0,0,0,3,0,0,0,12,0,3,2.0,48.0,2019-10-01 00:00:00,2019-11-01 00:00:00,Not Merged / Rejected,0.8163265306122449
1756,25663,334284607,spring-framework,CONTRIBUTOR,closed,2019-10-30 14:18:19,2019-11-14 09:02:31,2019,10,2019,11.0,354.736666666667,14.7806944444444,0.000555555555555556,2.31481481481481e-05,354.796111111111,14.7831712962963,2019-10-30 14:18:21,2019-11-14 09:06:05,1 days 05:33:58.666667000,12,0,60,60,60,60,12,0,0,12,24,0,12,1.0,24.0,2019-10-01 00:00:00,2019-11-01 00:00:00,Not Merged / Rejected,0.8403361344537815
1761,25663,336179973,spring-framework,CONTRIBUTOR,closed,2019-11-04 09:24:37,2019-11-13 10:17:11,2019,11,2019,11.0,216.876111111111,9.03650462962963,80.0305555555556,3.33460648148148,216.876111111111,9.03650462962963,2019-11-07 17:26:27,2019-11-13 10:17:11,1 days 10:12:41.000000000,4,0,12,4,4,0,4,0,0,0,0,4,4,1.0,24.0,2019-11-01 00:00:00,2019-11-01 00:00:00,Not Merged / Rejected,0.8007202881152461
1764,25663,337812332,spring-framework,NONE,closed,2019-11-07 01:34:22,2019-11-28 12:38:01,2019,11,2019,11.0,515.060833333333,21.4608680555556,0.000555555555555556,2.31481481481481e-05,515.060833333333,21.4608680555556,2019-11-07 01:34:24,2019-11-28 12:38:01,5 days 08:45:54.250000000,0,0,8,8,8,4,4,0,0,0,4,0,4,5.0,120.0,2019-11-01 00:00:00,2019-11-01 00:00:00,Not Merged / Rejected,0.8763505402160864
